Method,Avg_HER_DeltaG_eV,Stability_Score,Synthesis_Success_Rate,Avg_Total_Score,N
baseline,0.10748567032581192,0.9123750218153001,1.0,0.8076392717730166,100
Ours,0.06786492662504315,0.8979869353771208,1.0,0.8257358029586825,10
